{"cameraMode":{"drawMode":0,"name":"Shaded","section":"Shading Mode"},"sceneLighting":false,"audioPlay":false,"sceneViewState":{"m_AlwaysRefresh":false,"showFog":true,"showSkybox":false,"showFlares":true,"showImageEffects":true,"showParticleSystems":true,"showVisualEffectGraphs":true,"m_FxEnabled":true},"in2DMode":false,"pivot":{"x":-0.06722426414489746,"y":-0.8025275468826294,"z":1.7761216163635255},"rotation":{"x":-0.2448127716779709,"y":0.23760035634040833,"z":-0.06201512739062309,"w":-0.9379603266716003},"size":2.6754534244537355,"orthographic":false}