{"cameraMode":{"drawMode":0,"name":"Shaded","section":"Shading Mode"},"sceneLighting":false,"audioPlay":false,"sceneViewState":{"m_AlwaysRefresh":false,"showFog":true,"showSkybox":false,"showFlares":true,"showImageEffects":true,"showParticleSystems":true,"showVisualEffectGraphs":true,"m_FxEnabled":true},"in2DMode":false,"pivot":{"x":-0.129194438457489,"y":0.12251320481300354,"z":2.3465523719787599},"rotation":{"x":-0.12556834518909455,"y":0.36209261417388918,"z":-0.049295663833618167,"w":-0.9223317503929138},"size":0.8613298535346985,"orthographic":false}